1,our_1.jpg,6
2,our_10.jpg,8
3,our_100.jpg,2
4,our_101.jpg,5
5,our_102.jpg,2
6,our_103.jpg,3
7,our_104.jpg,3
8,our_105.jpg,6
9,our_106.jpg,6
10,our_107.jpg,4
11,our_108.jpg,3
12,our_109.jpg,3
13,our_11.jpg,8
14,our_110.jpg,1
15,our_111.jpg,3
16,our_112.jpg,7
17,our_113.jpg,3
18,our_114.jpg,4
19,our_115.jpg,4
20,our_116.jpg,2
21,our_117.jpg,5
22,our_118.jpg,3
23,our_119.jpg,3
24,our_12.jpg,7
25,our_120.jpg,2
26,our_121.jpg,2
27,our_122.jpg,1
28,our_123.jpg,5
29,our_124.jpg,7
30,our_125.jpg,3
31,our_126.jpg,4
32,our_127.jpg,5
33,our_128.jpg,3
34,our_129.jpg,6
35,our_13.jpg,7
36,our_130.jpg,4
37,our_131.jpg,5
38,our_132.jpg,7
39,our_133.jpg,5
40,our_134.jpg,3
41,our_135.jpg,4
42,our_136.jpg,2
43,our_137.jpg,3
44,our_138.jpg,6
45,our_139.jpg,6
46,our_14.jpg,6
47,our_140.jpg,7
48,our_141.jpg,5
49,our_142.jpg,6
50,our_143.jpg,5
51,our_144.jpg,6
52,our_145.jpg,2
53,our_146.jpg,2
54,our_147.jpg,5
55,our_148.jpg,9
56,our_149.jpg,8
57,our_15.jpg,4
58,our_150.jpg,6
59,our_151.jpg,6
60,our_152.jpg,8
61,our_153.jpg,9
62,our_154.jpg,7
63,our_155.jpg,6
64,our_156.jpg,5
65,our_157.jpg,4
66,our_158.jpg,5
67,our_159.jpg,6
68,our_16.jpg,3
69,our_160.jpg,6
70,our_161.jpg,5
71,our_162.jpg,5
72,our_163.jpg,5
73,our_164.jpg,4
74,our_165.jpg,4
75,our_166.jpg,3
76,our_167.jpg,4
77,our_168.jpg,5
78,our_169.jpg,6
79,our_17.jpg,5
80,our_170.jpg,5
81,our_171.jpg,6
82,our_172.jpg,4
83,our_173.jpg,5
84,our_174.jpg,6
85,our_175.jpg,5
86,our_176.jpg,5
87,our_177.jpg,3
88,our_178.jpg,3
89,our_179.jpg,4
90,our_18.jpg,6
91,our_180.jpg,6
92,our_181.jpg,6
93,our_182.jpg,4
94,our_183.jpg,6
95,our_184.jpg,4
96,our_185.jpg,4
97,our_186.jpg,4
98,our_187.jpg,5
99,our_188.jpg,4
100,our_189.jpg,4
101,our_19.jpg,7
102,our_190.jpg,4
103,our_191.jpg,5
104,our_192.jpg,6
105,our_193.jpg,5
106,our_194.jpg,5
107,our_195.jpg,5
108,our_196.jpg,5
109,our_197.jpg,6
110,our_198.jpg,6
111,our_199.jpg,6
112,our_2.jpg,5
113,our_20.jpg,5
114,our_200.jpg,6
115,our_201.jpg,6
116,our_202.jpg,5
117,our_203.jpg,4
118,our_204.jpg,4
119,our_205.jpg,6
120,our_206.jpg,5
121,our_207.jpg,5
122,our_208.jpg,5
123,our_209.jpg,9
124,our_21.jpg,6
125,our_210.jpg,10
126,our_211.jpg,10
127,our_212.jpg,5
128,our_213.jpg,8
129,our_214.jpg,6
130,our_215.jpg,9
131,our_216.jpg,8
132,our_217.jpg,7
133,our_218.jpg,6
134,our_219.jpg,6
135,our_22.jpg,6
136,our_220.jpg,7
137,our_221.jpg,8
138,our_222.jpg,8
139,our_223.jpg,7
140,our_224.jpg,6
141,our_225.jpg,5
142,our_226.jpg,4
143,our_227.jpg,4
144,our_228.jpg,3
145,our_229.jpg,3
146,our_23.jpg,6
147,our_230.jpg,6
148,our_231.jpg,5
149,our_232.jpg,6
150,our_233.jpg,6
151,our_234.jpg,7
152,our_235.jpg,6
153,our_236.jpg,7
154,our_237.jpg,4
155,our_238.jpg,4
156,our_239.jpg,6
157,our_24.jpg,4
158,our_240.jpg,7
159,our_241.jpg,6
160,our_242.jpg,5
161,our_243.jpg,5
162,our_244.jpg,6
163,our_245.jpg,6
164,our_246.jpg,8
165,our_247.jpg,8
166,our_248.jpg,9
167,our_249.jpg,7
168,our_25.jpg,6
169,our_250.jpg,5
170,our_251.jpg,6
171,our_252.jpg,5
172,our_253.jpg,6
173,our_254.jpg,6
174,our_255.jpg,6
175,our_256.jpg,7
176,our_257.jpg,6
177,our_258.jpg,6
178,our_259.jpg,6
179,our_26.jpg,6
180,our_260.jpg,6
181,our_261.jpg,5
182,our_262.jpg,3
183,our_263.jpg,4
184,our_264.jpg,5
185,our_265.jpg,4
186,our_266.jpg,3
187,our_267.jpg,4
188,our_268.jpg,5
189,our_269.jpg,6
190,our_27.jpg,4
191,our_270.jpg,7
192,our_271.jpg,4
193,our_272.jpg,5
194,our_273.jpg,5
195,our_274.jpg,9
196,our_275.jpg,9
197,our_276.jpg,6
198,our_277.jpg,2
199,our_278.jpg,3
200,our_279.jpg,3
201,our_28.jpg,7
202,our_280.jpg,9
203,our_281.jpg,8
204,our_282.jpg,8
205,our_283.jpg,8
206,our_284.jpg,6
207,our_285.jpg,7
208,our_286.jpg,6
209,our_287.jpg,4
210,our_288.jpg,4
211,our_29.jpg,5
212,our_3.jpg,6
213,our_30.jpg,6
214,our_31.jpg,5
215,our_32.jpg,8
216,our_33.jpg,4
217,our_34.jpg,4
218,our_35.jpg,4
219,our_36.jpg,7
220,our_37.jpg,7
221,our_38.jpg,5
222,our_39.jpg,5
223,our_4.jpg,4
224,our_40.jpg,5
225,our_41.jpg,7
226,our_42.jpg,5
227,our_43.jpg,7
228,our_44.jpg,1
229,our_45.jpg,3
230,our_46.jpg,4
231,our_47.jpg,3
232,our_48.jpg,7
233,our_49.jpg,5
234,our_5.jpg,6
235,our_50.jpg,6
236,our_51.jpg,6
237,our_52.jpg,5
238,our_53.jpg,5
239,our_54.jpg,5
240,our_55.jpg,6
241,our_56.jpg,5
242,our_57.jpg,8
243,our_58.jpg,8
244,our_59.jpg,7
245,our_6.jpg,6
246,our_60.jpg,4
247,our_61.jpg,7
248,our_62.jpg,4
249,our_63.jpg,2
250,our_64.jpg,6
251,our_65.jpg,5
252,our_66.jpg,6
253,our_67.jpg,4
254,our_68.jpg,4
255,our_69.jpg,8
256,our_7.jpg,8
257,our_70.jpg,4
258,our_71.jpg,7
259,our_72.jpg,6
260,our_73.jpg,5
261,our_74.jpg,6
262,our_75.jpg,5
263,our_76.jpg,7
264,our_77.jpg,6
265,our_78.jpg,5
266,our_79.jpg,5
267,our_8.jpg,6
268,our_80.jpg,6
269,our_81.jpg,4
270,our_82.jpg,6
271,our_83.jpg,6
272,our_84.jpg,5
273,our_85.jpg,5
274,our_86.jpg,4
275,our_87.jpg,6
276,our_88.jpg,5
277,our_89.jpg,7
278,our_9.jpg,9
279,our_90.jpg,8
280,our_91.jpg,8
281,our_92.jpg,9
282,our_93.jpg,5
283,our_94.jpg,5
284,our_95.jpg,6
285,our_96.jpg,5
286,our_97.jpg,7
287,our_98.jpg,7
288,our_99.jpg,8
289,from_online_1.jpg,8
290,from_online_10.jpg,5
291,from_online_11.jpg,5
292,from_online_12.jpg,5
293,from_online_13.jpg,4
294,from_online_14.jpg,8
295,from_online_15.jpg,7
296,from_online_16.jpg,3
297,from_online_17.jpg,7
298,from_online_18.jpg,6
299,from_online_19.jpg,6
300,from_online_2.jpg,5
301,from_online_20.jpg,7
302,from_online_21.jpg,7
303,from_online_22.jpg,5
304,from_online_23.jpg,8
305,from_online_24.jpg,6
306,from_online_25.jpg,8
307,from_online_26.jpg,7
308,from_online_27.jpg,7
309,from_online_28.jpg,8
310,from_online_29.jpg,5
311,from_online_3.jpg,6
312,from_online_30.jpg,6
313,from_online_31.jpg,7
314,from_online_32.jpg,6
315,from_online_33.jpg,8
316,from_online_34.jpg,9
317,from_online_35.jpg,7
318,from_online_36.jpg,6
319,from_online_37.jpg,8
320,from_online_38.jpg,7
321,from_online_39.jpg,7
322,from_online_4.jpg,7
323,from_online_40.jpg,6
324,from_online_41.jpg,7
325,from_online_42.jpg,5
326,from_online_43.jpg,9
327,from_online_44.jpg,9
328,from_online_45.jpg,6
329,from_online_46.jpg,8
330,from_online_47.jpg,4
331,from_online_48.jpg,8
332,from_online_49.jpg,8
333,from_online_5.jpg,7
334,from_online_50.jpg,7
335,from_online_51.jpg,8
336,from_online_52.jpg,8
337,from_online_53.jpg,8
338,from_online_54.jpg,8
339,from_online_55.jpg,9
340,from_online_56.jpg,6
341,from_online_57.jpg,8
342,from_online_58.jpg,7
343,from_online_59.jpg,7
344,from_online_6.jpg,6
345,from_online_60.jpg,9
346,from_online_61.jpg,8
347,from_online_62.jpg,9
348,from_online_63.jpg,9
349,from_online_64.jpg,9
350,from_online_65.jpg,8
351,from_online_66.jpg,8
352,from_online_67.jpg,8
353,from_online_68.jpg,7
354,from_online_69.jpg,8
355,from_online_7.jpg,7
356,from_online_70.jpg,8
357,from_online_71.jpg,10
358,from_online_72.jpg,6
359,from_online_73.jpg,7
360,from_online_74.jpg,5
361,from_online_8.jpg,6
362,from_online_9.jpg,8
363,from_dataset_1.jpg,7
364,from_dataset_10.jpg,6
365,from_dataset_100.jpg,7
366,from_dataset_101.jpg,6
367,from_dataset_102.jpg,3
368,from_dataset_103.jpg,7
369,from_dataset_104.jpg,4
370,from_dataset_105.jpg,7
371,from_dataset_106.jpg,7
372,from_dataset_107.jpg,6
373,from_dataset_108.jpg,8
374,from_dataset_109.jpg,6
375,from_dataset_11.jpg,7
376,from_dataset_110.jpg,8
377,from_dataset_111.jpg,8
378,from_dataset_112.jpg,7
379,from_dataset_113.jpg,2
380,from_dataset_114.jpg,6
381,from_dataset_115.jpg,4
382,from_dataset_116.jpg,4
383,from_dataset_117.jpg,4
384,from_dataset_118.jpg,3
385,from_dataset_119.jpg,8
386,from_dataset_12.jpg,7
387,from_dataset_120.jpg,8
388,from_dataset_121.jpg,8
389,from_dataset_122.jpg,7
390,from_dataset_123.jpg,7
391,from_dataset_124.jpg,5
392,from_dataset_125.jpg,7
393,from_dataset_126.jpg,6
394,from_dataset_127.jpg,8
395,from_dataset_128.jpg,5
396,from_dataset_129.jpg,4
397,from_dataset_13.jpg,7
398,from_dataset_130.jpg,7
399,from_dataset_131.jpg,8
400,from_dataset_132.jpg,5
401,from_dataset_133.jpg,6
402,from_dataset_134.jpg,8
403,from_dataset_135.jpg,8
404,from_dataset_136.jpg,7
405,from_dataset_137.jpg,6
406,from_dataset_138.jpg,5
407,from_dataset_139.jpg,5
408,from_dataset_14.jpg,7
409,from_dataset_140.jpg,7
410,from_dataset_141.jpg,8
411,from_dataset_142.jpg,6
412,from_dataset_143.jpg,9
413,from_dataset_144.jpg,7
414,from_dataset_145.jpg,8
415,from_dataset_146.jpg,7
416,from_dataset_147.jpg,8
417,from_dataset_148.jpg,6
418,from_dataset_149.jpg,6
419,from_dataset_15.jpg,8
420,from_dataset_150.jpg,6
421,from_dataset_151.jpg,8
422,from_dataset_152.jpg,8
423,from_dataset_153.jpg,7
424,from_dataset_154.jpg,7
425,from_dataset_155.jpg,8
426,from_dataset_156.jpg,9
427,from_dataset_157.jpg,6
428,from_dataset_158.jpg,6
429,from_dataset_159.jpg,8
430,from_dataset_16.jpg,1
431,from_dataset_160.jpg,5
432,from_dataset_161.jpg,8
433,from_dataset_162.jpg,4
434,from_dataset_163.jpg,7
435,from_dataset_164.jpg,4
436,from_dataset_165.jpg,7
437,from_dataset_166.jpg,6
438,from_dataset_167.jpg,4
439,from_dataset_168.jpg,9
440,from_dataset_169.jpg,7
441,from_dataset_17.jpg,7
442,from_dataset_170.jpg,7
443,from_dataset_171.jpg,5
444,from_dataset_172.jpg,7
445,from_dataset_173.jpg,7
446,from_dataset_174.jpg,6
447,from_dataset_175.jpg,6
448,from_dataset_176.jpg,5
449,from_dataset_177.jpg,9
450,from_dataset_178.jpg,7
451,from_dataset_179.jpg,6
452,from_dataset_18.jpg,6
453,from_dataset_180.jpg,7
454,from_dataset_181.jpg,8
455,from_dataset_182.jpg,5
456,from_dataset_183.jpg,5
457,from_dataset_184.jpg,7
458,from_dataset_185.jpg,6
459,from_dataset_186.jpg,7
460,from_dataset_187.jpg,6
461,from_dataset_188.jpg,6
462,from_dataset_189.jpg,8
463,from_dataset_19.jpg,8
464,from_dataset_190.jpg,7
465,from_dataset_191.jpg,8
466,from_dataset_192.jpg,6
467,from_dataset_193.jpg,7
468,from_dataset_194.jpg,8
469,from_dataset_195.jpg,6
470,from_dataset_196.jpg,9
471,from_dataset_197.jpg,6
472,from_dataset_198.jpg,8
473,from_dataset_199.jpg,7
474,from_dataset_2.jpg,7
475,from_dataset_20.jpg,7
476,from_dataset_200.jpg,7
477,from_dataset_201.jpg,5
478,from_dataset_202.jpg,3
479,from_dataset_203.jpg,3
480,from_dataset_204.jpg,7
481,from_dataset_205.jpg,7
482,from_dataset_206.jpg,5
483,from_dataset_207.jpg,5
484,from_dataset_208.jpg,8
485,from_dataset_209.jpg,7
486,from_dataset_21.jpg,7
487,from_dataset_210.jpg,5
488,from_dataset_211.jpg,4
489,from_dataset_212.jpg,8
490,from_dataset_213.jpg,6
491,from_dataset_214.jpg,6
492,from_dataset_215.jpg,8
493,from_dataset_216.jpg,7
494,from_dataset_217.jpg,6
495,from_dataset_218.jpg,9
496,from_dataset_219.jpg,7
497,from_dataset_22.jpg,8
498,from_dataset_220.jpg,7
499,from_dataset_221.jpg,7
500,from_dataset_222.jpg,7
501,from_dataset_223.jpg,7
502,from_dataset_224.jpg,7
503,from_dataset_23.jpg,6
504,from_dataset_24.jpg,7
505,from_dataset_25.jpg,5
506,from_dataset_26.jpg,7
507,from_dataset_27.jpg,7
508,from_dataset_28.jpg,9
509,from_dataset_29.jpg,7
510,from_dataset_3.jpg,8
511,from_dataset_30.jpg,7
512,from_dataset_31.jpg,6
513,from_dataset_32.jpg,7
514,from_dataset_33.jpg,7
515,from_dataset_34.jpg,4
516,from_dataset_35.jpg,8
517,from_dataset_36.jpg,8
518,from_dataset_37.jpg,6
519,from_dataset_38.jpg,6
520,from_dataset_39.jpg,5
521,from_dataset_4.jpg,8
522,from_dataset_40.jpg,4
523,from_dataset_41.jpg,8
524,from_dataset_42.jpg,7
525,from_dataset_43.jpg,7
526,from_dataset_44.jpg,7
527,from_dataset_45.jpg,3
528,from_dataset_46.jpg,8
529,from_dataset_47.jpg,7
530,from_dataset_48.jpg,5
531,from_dataset_49.jpg,7
532,from_dataset_5.jpg,7
533,from_dataset_50.jpg,7
534,from_dataset_51.jpg,9
535,from_dataset_52.jpg,7
536,from_dataset_53.jpg,8
537,from_dataset_54.jpg,8
538,from_dataset_55.jpg,8
539,from_dataset_56.jpg,8
540,from_dataset_57.jpg,7
541,from_dataset_58.jpg,8
542,from_dataset_59.jpg,7
543,from_dataset_6.jpg,6
544,from_dataset_60.jpg,7
545,from_dataset_61.jpg,7
546,from_dataset_62.jpg,6
547,from_dataset_63.jpg,6
548,from_dataset_64.jpg,8
549,from_dataset_65.jpg,7
550,from_dataset_66.jpg,3
551,from_dataset_67.jpg,3
552,from_dataset_68.jpg,4
553,from_dataset_69.jpg,9
554,from_dataset_7.jpg,8
555,from_dataset_70.jpg,7
556,from_dataset_71.jpg,8
557,from_dataset_72.jpg,4
558,from_dataset_73.jpg,7
559,from_dataset_74.jpg,8
560,from_dataset_75.jpg,7
561,from_dataset_76.jpg,7
562,from_dataset_77.jpg,7
563,from_dataset_78.jpg,7
564,from_dataset_79.jpg,9
565,from_dataset_8.jpg,7
566,from_dataset_80.jpg,8
567,from_dataset_81.jpg,8
568,from_dataset_82.jpg,3
569,from_dataset_83.jpg,7
570,from_dataset_84.jpg,7
571,from_dataset_85.jpg,8
572,from_dataset_86.jpg,6
573,from_dataset_87.jpg,7
574,from_dataset_88.jpg,7
575,from_dataset_89.jpg,6
576,from_dataset_9.jpg,7
577,from_dataset_90.jpg,7
578,from_dataset_91.jpg,7
579,from_dataset_92.jpg,2
580,from_dataset_93.jpg,8
581,from_dataset_94.jpg,6
582,from_dataset_95.jpg,7
583,from_dataset_96.jpg,7
584,from_dataset_97.jpg,6
585,from_dataset_98.jpg,7
586,from_dataset_99.jpg,7